model_name,epochs,optimiser,learning_rate,batch_size,similarity,entropy_weight,vat_weight,vat_xi,vat_eps,recontruction_weight,gemini,ovo,dataset,dataset_N,dataset_df,dataset_alpha,train,encoder,encoder_input_shape,encoder_hidden_dim,encoder_output_shape,encoder_activation,clustering_head,clustering_head_input_shape,clustering_head_num_clusters,ARI,ACC,PTY,UCL,NCE
22-03-10_10-21-31_640998,100,adam,0.001,100,-1,0.0,0.0,10.0,1.0,0.0,hellinger,True,data/custom_datasets/gaussian_student_mixture.py,5000,1,5,True,models/custom_models/encoder_mlp.py,2,20,20,tanh,models/custom_models/clustering_head_linear.py,20,4,0.9408040642738342,0.977400004863739,0.977400004863739,4,-0.0688326656818389
22-03-10_10-21-31_640998,100,adam,0.001,100,-1,0.0,0.0,10.0,1.0,0.0,hellinger,True,data/custom_datasets/gaussian_student_mixture.py,5000,1,5,False,models/custom_models/encoder_mlp.py,2,20,20,tanh,models/custom_models/clustering_head_linear.py,20,4,0.9408040642738342,0.977400004863739,0.977400004863739,4,-0.0688326656818389
22-03-10_10-21-39_042876,100,adam,0.001,100,-1,0.0,0.0,10.0,1.0,0.0,hellinger,True,data/custom_datasets/gaussian_student_mixture.py,5000,1,5,True,models/custom_models/encoder_mlp.py,2,20,20,tanh,models/custom_models/clustering_head_linear.py,20,8,0.9403088092803956,0.9771999716758728,0.9771999716758728,4,-0.0686307027935981
22-03-10_10-21-39_042876,100,adam,0.001,100,-1,0.0,0.0,10.0,1.0,0.0,hellinger,True,data/custom_datasets/gaussian_student_mixture.py,5000,1,5,False,models/custom_models/encoder_mlp.py,2,20,20,tanh,models/custom_models/clustering_head_linear.py,20,8,0.9403088092803956,0.9771999716758728,0.9771999716758728,4,-0.0686307027935981
22-03-10_10-23-09_233760,100,adam,0.001,100,-1,0.0,0.0,10.0,1.0,0.0,hellinger,True,data/custom_datasets/gaussian_student_mixture.py,5000,1,5,True,models/custom_models/encoder_mlp.py,2,20,20,tanh,models/custom_models/clustering_head_linear.py,20,4,0.9443560242652892,0.9787999987602234,0.9787999987602234,4,-0.0658117532730102
22-03-10_10-23-09_233760,100,adam,0.001,100,-1,0.0,0.0,10.0,1.0,0.0,hellinger,True,data/custom_datasets/gaussian_student_mixture.py,5000,1,5,False,models/custom_models/encoder_mlp.py,2,20,20,tanh,models/custom_models/clustering_head_linear.py,20,4,0.9443560242652892,0.9787999987602234,0.9787999987602234,4,-0.0658117532730102
22-03-10_10-23-16_830002,100,adam,0.001,100,-1,0.0,0.0,10.0,1.0,0.0,hellinger,True,data/custom_datasets/gaussian_student_mixture.py,5000,1,5,True,models/custom_models/encoder_mlp.py,2,20,20,tanh,models/custom_models/clustering_head_linear.py,20,8,0.9357775449752808,0.9753999710083008,0.9753999710083008,4,-0.0722055807709693
22-03-10_10-23-16_830002,100,adam,0.001,100,-1,0.0,0.0,10.0,1.0,0.0,hellinger,True,data/custom_datasets/gaussian_student_mixture.py,5000,1,5,False,models/custom_models/encoder_mlp.py,2,20,20,tanh,models/custom_models/clustering_head_linear.py,20,8,0.9357775449752808,0.9753999710083008,0.9753999710083008,4,-0.0722055807709693
22-03-10_10-24-48_406390,100,adam,0.001,100,-1,0.0,0.0,10.0,1.0,0.0,hellinger,True,data/custom_datasets/gaussian_student_mixture.py,5000,1,5,True,models/custom_models/encoder_mlp.py,2,20,20,tanh,models/custom_models/clustering_head_linear.py,20,4,0.9403088092803956,0.9771999716758728,0.9771999716758728,4,-0.0686306953430175
22-03-10_10-24-48_406390,100,adam,0.001,100,-1,0.0,0.0,10.0,1.0,0.0,hellinger,True,data/custom_datasets/gaussian_student_mixture.py,5000,1,5,False,models/custom_models/encoder_mlp.py,2,20,20,tanh,models/custom_models/clustering_head_linear.py,20,4,0.9403088092803956,0.9771999716758728,0.9771999716758728,4,-0.0686306953430175
22-03-10_10-24-56_282419,100,adam,0.001,100,-1,0.0,0.0,10.0,1.0,0.0,hellinger,True,data/custom_datasets/gaussian_student_mixture.py,5000,1,5,True,models/custom_models/encoder_mlp.py,2,20,20,tanh,models/custom_models/clustering_head_linear.py,20,8,0.7817861437797546,0.828000009059906,0.9265999794006348,5,-0.1026426032185554
22-03-10_10-24-56_282419,100,adam,0.001,100,-1,0.0,0.0,10.0,1.0,0.0,hellinger,True,data/custom_datasets/gaussian_student_mixture.py,5000,1,5,False,models/custom_models/encoder_mlp.py,2,20,20,tanh,models/custom_models/clustering_head_linear.py,20,8,0.7795039415359497,0.8281999826431274,0.9229999780654908,5,-0.1035530120134353
22-03-10_10-26-30_696510,100,adam,0.001,100,-1,0.0,0.0,10.0,1.0,0.0,hellinger,True,data/custom_datasets/gaussian_student_mixture.py,5000,1,5,True,models/custom_models/encoder_mlp.py,2,20,20,tanh,models/custom_models/clustering_head_linear.py,20,4,0.9357775449752808,0.9753999710083008,0.9753999710083008,4,-0.0722055882215499
22-03-10_10-26-30_696510,100,adam,0.001,100,-1,0.0,0.0,10.0,1.0,0.0,hellinger,True,data/custom_datasets/gaussian_student_mixture.py,5000,1,5,False,models/custom_models/encoder_mlp.py,2,20,20,tanh,models/custom_models/clustering_head_linear.py,20,4,0.9357775449752808,0.9753999710083008,0.9753999710083008,4,-0.0722055882215499
22-03-10_10-26-38_612861,100,adam,0.001,100,-1,0.0,0.0,10.0,1.0,0.0,hellinger,True,data/custom_datasets/gaussian_student_mixture.py,5000,1,5,True,models/custom_models/encoder_mlp.py,2,20,20,tanh,models/custom_models/clustering_head_linear.py,20,8,0.9276576042175292,0.9721999764442444,0.9721999764442444,4,-0.0787698999047279
22-03-10_10-26-38_612861,100,adam,0.001,100,-1,0.0,0.0,10.0,1.0,0.0,hellinger,True,data/custom_datasets/gaussian_student_mixture.py,5000,1,5,False,models/custom_models/encoder_mlp.py,2,20,20,tanh,models/custom_models/clustering_head_linear.py,20,8,0.9276576042175292,0.9721999764442444,0.9721999764442444,4,-0.0787698999047279
22-03-10_10-28-10_539804,100,adam,0.001,100,-1,0.0,0.0,10.0,1.0,0.0,hellinger,True,data/custom_datasets/gaussian_student_mixture.py,5000,1,5,True,models/custom_models/encoder_mlp.py,2,20,20,tanh,models/custom_models/clustering_head_linear.py,20,4,0.9377933144569396,0.976199984550476,0.976199984550476,4,-0.0706572607159614
22-03-10_10-28-10_539804,100,adam,0.001,100,-1,0.0,0.0,10.0,1.0,0.0,hellinger,True,data/custom_datasets/gaussian_student_mixture.py,5000,1,5,False,models/custom_models/encoder_mlp.py,2,20,20,tanh,models/custom_models/clustering_head_linear.py,20,4,0.9377933144569396,0.976199984550476,0.976199984550476,4,-0.0706572607159614
22-03-10_10-28-17_861819,100,adam,0.001,100,-1,0.0,0.0,10.0,1.0,0.0,hellinger,True,data/custom_datasets/gaussian_student_mixture.py,5000,1,5,True,models/custom_models/encoder_mlp.py,2,20,20,tanh,models/custom_models/clustering_head_linear.py,20,8,0.8249942660331726,0.8384000062942505,0.960200011730194,5,-0.0841371342539787
22-03-10_10-28-17_861819,100,adam,0.001,100,-1,0.0,0.0,10.0,1.0,0.0,hellinger,True,data/custom_datasets/gaussian_student_mixture.py,5000,1,5,False,models/custom_models/encoder_mlp.py,2,20,20,tanh,models/custom_models/clustering_head_linear.py,20,8,0.8256783485412598,0.8411999940872192,0.9603999853134156,5,-0.0837470367550849
22-03-10_10-29-51_858087,100,adam,0.001,100,-1,0.0,0.0,10.0,1.0,0.0,hellinger,True,data/custom_datasets/gaussian_student_mixture.py,5000,1,5,True,models/custom_models/encoder_mlp.py,2,20,20,tanh,models/custom_models/clustering_head_linear.py,20,4,0.9351491928100586,0.9751999974250792,0.9751999974250792,4,-0.0733461156487464
22-03-10_10-29-51_858087,100,adam,0.001,100,-1,0.0,0.0,10.0,1.0,0.0,hellinger,True,data/custom_datasets/gaussian_student_mixture.py,5000,1,5,False,models/custom_models/encoder_mlp.py,2,20,20,tanh,models/custom_models/clustering_head_linear.py,20,4,0.9351491928100586,0.9751999974250792,0.9751999974250792,4,-0.0733461156487464
22-03-10_10-29-58_429446,100,adam,0.001,100,-1,0.0,0.0,10.0,1.0,0.0,hellinger,True,data/custom_datasets/gaussian_student_mixture.py,5000,1,5,True,models/custom_models/encoder_mlp.py,2,20,20,tanh,models/custom_models/clustering_head_linear.py,20,8,0.9443560242652892,0.9787999987602234,0.9787999987602234,4,-0.0658117532730102
22-03-10_10-29-58_429446,100,adam,0.001,100,-1,0.0,0.0,10.0,1.0,0.0,hellinger,True,data/custom_datasets/gaussian_student_mixture.py,5000,1,5,False,models/custom_models/encoder_mlp.py,2,20,20,tanh,models/custom_models/clustering_head_linear.py,20,8,0.9443560242652892,0.9787999987602234,0.9787999987602234,4,-0.0658117532730102
22-03-10_10-31-32_169428,100,adam,0.001,100,-1,0.0,0.0,10.0,1.0,0.0,hellinger,True,data/custom_datasets/gaussian_student_mixture.py,5000,1,5,True,models/custom_models/encoder_mlp.py,2,20,20,tanh,models/custom_models/clustering_head_linear.py,20,4,0.9403088092803956,0.9771999716758728,0.9771999716758728,4,-0.0686307027935981
22-03-10_10-31-32_169428,100,adam,0.001,100,-1,0.0,0.0,10.0,1.0,0.0,hellinger,True,data/custom_datasets/gaussian_student_mixture.py,5000,1,5,False,models/custom_models/encoder_mlp.py,2,20,20,tanh,models/custom_models/clustering_head_linear.py,20,4,0.9403088092803956,0.9771999716758728,0.9771999716758728,4,-0.0686307027935981
22-03-10_10-31-38_876066,100,adam,0.001,100,-1,0.0,0.0,10.0,1.0,0.0,hellinger,True,data/custom_datasets/gaussian_student_mixture.py,5000,1,5,True,models/custom_models/encoder_mlp.py,2,20,20,tanh,models/custom_models/clustering_head_linear.py,20,8,0.9418606162071228,0.9778000116348268,0.9778000116348268,4,-0.0674159303307533
22-03-10_10-31-38_876066,100,adam,0.001,100,-1,0.0,0.0,10.0,1.0,0.0,hellinger,True,data/custom_datasets/gaussian_student_mixture.py,5000,1,5,False,models/custom_models/encoder_mlp.py,2,20,20,tanh,models/custom_models/clustering_head_linear.py,20,8,0.9418606162071228,0.9778000116348268,0.9778000116348268,4,-0.0674159303307533
22-03-10_10-33-13_480775,100,adam,0.001,100,-1,0.0,0.0,10.0,1.0,0.0,hellinger,True,data/custom_datasets/gaussian_student_mixture.py,5000,1,5,True,models/custom_models/encoder_mlp.py,2,20,20,tanh,models/custom_models/clustering_head_linear.py,20,4,0.6154664158821106,0.7411999702453613,0.7411999702453613,3,-0.3181873261928558
22-03-10_10-33-13_480775,100,adam,0.001,100,-1,0.0,0.0,10.0,1.0,0.0,hellinger,True,data/custom_datasets/gaussian_student_mixture.py,5000,1,5,False,models/custom_models/encoder_mlp.py,2,20,20,tanh,models/custom_models/clustering_head_linear.py,20,4,0.6147291660308838,0.7411999702453613,0.7411999702453613,3,-0.3184134364128113
22-03-10_10-33-18_577104,100,adam,0.001,100,-1,0.0,0.0,10.0,1.0,0.0,hellinger,True,data/custom_datasets/gaussian_student_mixture.py,5000,1,5,True,models/custom_models/encoder_mlp.py,2,20,20,tanh,models/custom_models/clustering_head_linear.py,20,8,0.7696219086647034,0.8227999806404114,0.9085999727249146,5,-0.108757734298706
22-03-10_10-33-18_577104,100,adam,0.001,100,-1,0.0,0.0,10.0,1.0,0.0,hellinger,True,data/custom_datasets/gaussian_student_mixture.py,5000,1,5,False,models/custom_models/encoder_mlp.py,2,20,20,tanh,models/custom_models/clustering_head_linear.py,20,8,0.7571430206298828,0.8094000220298767,0.8974000215530396,5,-0.1131510585546493
22-03-10_10-34-52_463622,100,adam,0.001,100,-1,0.0,0.0,10.0,1.0,0.0,hellinger,True,data/custom_datasets/gaussian_student_mixture.py,5000,1,5,True,models/custom_models/encoder_mlp.py,2,20,20,tanh,models/custom_models/clustering_head_linear.py,20,4,0.9377933144569396,0.976199984550476,0.976199984550476,4,-0.0706572607159614
22-03-10_10-34-52_463622,100,adam,0.001,100,-1,0.0,0.0,10.0,1.0,0.0,hellinger,True,data/custom_datasets/gaussian_student_mixture.py,5000,1,5,False,models/custom_models/encoder_mlp.py,2,20,20,tanh,models/custom_models/clustering_head_linear.py,20,4,0.9377933144569396,0.976199984550476,0.976199984550476,4,-0.0706572607159614
22-03-10_10-34-58_059095,100,adam,0.001,100,-1,0.0,0.0,10.0,1.0,0.0,hellinger,True,data/custom_datasets/gaussian_student_mixture.py,5000,1,5,True,models/custom_models/encoder_mlp.py,2,20,20,tanh,models/custom_models/clustering_head_linear.py,20,8,0.9403088092803956,0.9771999716758728,0.9771999716758728,4,-0.0686307027935981
22-03-10_10-34-58_059095,100,adam,0.001,100,-1,0.0,0.0,10.0,1.0,0.0,hellinger,True,data/custom_datasets/gaussian_student_mixture.py,5000,1,5,False,models/custom_models/encoder_mlp.py,2,20,20,tanh,models/custom_models/clustering_head_linear.py,20,8,0.9403088092803956,0.9771999716758728,0.9771999716758728,4,-0.0686307027935981
22-03-10_10-36-30_404161,100,adam,0.001,100,-1,0.0,0.0,10.0,1.0,0.0,hellinger,True,data/custom_datasets/gaussian_student_mixture.py,5000,1,5,True,models/custom_models/encoder_mlp.py,2,20,20,tanh,models/custom_models/clustering_head_linear.py,20,4,0.9403088092803956,0.9771999716758728,0.9771999716758728,4,-0.0686307027935981
22-03-10_10-36-30_404161,100,adam,0.001,100,-1,0.0,0.0,10.0,1.0,0.0,hellinger,True,data/custom_datasets/gaussian_student_mixture.py,5000,1,5,False,models/custom_models/encoder_mlp.py,2,20,20,tanh,models/custom_models/clustering_head_linear.py,20,4,0.9403088092803956,0.9771999716758728,0.9771999716758728,4,-0.0686307027935981
22-03-10_10-36-36_133762,100,adam,0.001,100,-1,0.0,0.0,10.0,1.0,0.0,hellinger,True,data/custom_datasets/gaussian_student_mixture.py,5000,1,5,True,models/custom_models/encoder_mlp.py,2,20,20,tanh,models/custom_models/clustering_head_linear.py,20,8,0.9403088092803956,0.9771999716758728,0.9771999716758728,4,-0.0686307027935981
22-03-10_10-36-36_133762,100,adam,0.001,100,-1,0.0,0.0,10.0,1.0,0.0,hellinger,True,data/custom_datasets/gaussian_student_mixture.py,5000,1,5,False,models/custom_models/encoder_mlp.py,2,20,20,tanh,models/custom_models/clustering_head_linear.py,20,8,0.9403088092803956,0.9771999716758728,0.9771999716758728,4,-0.0686307027935981
22-03-10_10-38-07_691838,100,adam,0.001,100,-1,0.0,0.0,10.0,1.0,0.0,hellinger,True,data/custom_datasets/gaussian_student_mixture.py,5000,1,5,True,models/custom_models/encoder_mlp.py,2,20,20,tanh,models/custom_models/clustering_head_linear.py,20,4,0.9403088092803956,0.9771999716758728,0.9771999716758728,4,-0.0686307027935981
22-03-10_10-38-07_691838,100,adam,0.001,100,-1,0.0,0.0,10.0,1.0,0.0,hellinger,True,data/custom_datasets/gaussian_student_mixture.py,5000,1,5,False,models/custom_models/encoder_mlp.py,2,20,20,tanh,models/custom_models/clustering_head_linear.py,20,4,0.9403088092803956,0.9771999716758728,0.9771999716758728,4,-0.0686307027935981
22-03-10_10-38-13_359483,100,adam,0.001,100,-1,0.0,0.0,10.0,1.0,0.0,hellinger,True,data/custom_datasets/gaussian_student_mixture.py,5000,1,5,True,models/custom_models/encoder_mlp.py,2,20,20,tanh,models/custom_models/clustering_head_linear.py,20,8,0.9443560242652892,0.9787999987602234,0.9787999987602234,4,-0.0658117532730102
22-03-10_10-38-13_359483,100,adam,0.001,100,-1,0.0,0.0,10.0,1.0,0.0,hellinger,True,data/custom_datasets/gaussian_student_mixture.py,5000,1,5,False,models/custom_models/encoder_mlp.py,2,20,20,tanh,models/custom_models/clustering_head_linear.py,20,8,0.9443560242652892,0.9787999987602234,0.9787999987602234,4,-0.0658117532730102
22-03-10_10-39-45_359553,100,adam,0.001,100,-1,0.0,0.0,10.0,1.0,0.0,hellinger,True,data/custom_datasets/gaussian_student_mixture.py,5000,1,5,True,models/custom_models/encoder_mlp.py,2,20,20,tanh,models/custom_models/clustering_head_linear.py,20,4,0.6111214756965637,0.7408000230789185,0.7408000230789185,3,-0.3199781477451324
22-03-10_10-39-45_359553,100,adam,0.001,100,-1,0.0,0.0,10.0,1.0,0.0,hellinger,True,data/custom_datasets/gaussian_student_mixture.py,5000,1,5,False,models/custom_models/encoder_mlp.py,2,20,20,tanh,models/custom_models/clustering_head_linear.py,20,4,0.6124890446662903,0.7409999966621399,0.7409999966621399,3,-0.3191171884536743
22-03-10_10-39-51_169026,100,adam,0.001,100,-1,0.0,0.0,10.0,1.0,0.0,hellinger,True,data/custom_datasets/gaussian_student_mixture.py,5000,1,5,True,models/custom_models/encoder_mlp.py,2,20,20,tanh,models/custom_models/clustering_head_linear.py,20,8,0.9377933144569396,0.976199984550476,0.976199984550476,4,-0.0706572607159614
22-03-10_10-39-51_169026,100,adam,0.001,100,-1,0.0,0.0,10.0,1.0,0.0,hellinger,True,data/custom_datasets/gaussian_student_mixture.py,5000,1,5,False,models/custom_models/encoder_mlp.py,2,20,20,tanh,models/custom_models/clustering_head_linear.py,20,8,0.9377933144569396,0.976199984550476,0.976199984550476,4,-0.0706572607159614
22-03-10_10-41-23_026816,100,adam,0.001,100,-1,0.0,0.0,10.0,1.0,0.0,hellinger,True,data/custom_datasets/gaussian_student_mixture.py,5000,1,5,True,models/custom_models/encoder_mlp.py,2,20,20,tanh,models/custom_models/clustering_head_linear.py,20,4,0.9403088092803956,0.9771999716758728,0.9771999716758728,4,-0.0686307027935981
22-03-10_10-41-23_026816,100,adam,0.001,100,-1,0.0,0.0,10.0,1.0,0.0,hellinger,True,data/custom_datasets/gaussian_student_mixture.py,5000,1,5,False,models/custom_models/encoder_mlp.py,2,20,20,tanh,models/custom_models/clustering_head_linear.py,20,4,0.9403088092803956,0.9771999716758728,0.9771999716758728,4,-0.0686307027935981
22-03-10_10-41-28_070681,100,adam,0.001,100,-1,0.0,0.0,10.0,1.0,0.0,hellinger,True,data/custom_datasets/gaussian_student_mixture.py,5000,1,5,True,models/custom_models/encoder_mlp.py,2,20,20,tanh,models/custom_models/clustering_head_linear.py,20,8,0.7842837572097778,0.8356000185012817,0.921999990940094,5,-0.1018658801913261
22-03-10_10-41-28_070681,100,adam,0.001,100,-1,0.0,0.0,10.0,1.0,0.0,hellinger,True,data/custom_datasets/gaussian_student_mixture.py,5000,1,5,False,models/custom_models/encoder_mlp.py,2,20,20,tanh,models/custom_models/clustering_head_linear.py,20,8,0.7818518877029419,0.8321999907493591,0.9218000173568726,5,-0.1024661362171173
22-03-10_10-43-01_081956,100,adam,0.001,100,-1,0.0,0.0,10.0,1.0,0.0,hellinger,True,data/custom_datasets/gaussian_student_mixture.py,5000,1,5,True,models/custom_models/encoder_mlp.py,2,20,20,tanh,models/custom_models/clustering_head_linear.py,20,4,0.599087119102478,0.7361999750137329,0.7361999750137329,3,-0.3339003324508667
22-03-10_10-43-01_081956,100,adam,0.001,100,-1,0.0,0.0,10.0,1.0,0.0,hellinger,True,data/custom_datasets/gaussian_student_mixture.py,5000,1,5,False,models/custom_models/encoder_mlp.py,2,20,20,tanh,models/custom_models/clustering_head_linear.py,20,4,0.599058985710144,0.7361999750137329,0.7361999750137329,3,-0.3339129984378814
22-03-10_10-43-06_185682,100,adam,0.001,100,-1,0.0,0.0,10.0,1.0,0.0,hellinger,True,data/custom_datasets/gaussian_student_mixture.py,5000,1,5,True,models/custom_models/encoder_mlp.py,2,20,20,tanh,models/custom_models/clustering_head_linear.py,20,8,0.9361644387245178,0.975600004196167,0.975600004196167,4,-0.072550393640995
22-03-10_10-43-06_185682,100,adam,0.001,100,-1,0.0,0.0,10.0,1.0,0.0,hellinger,True,data/custom_datasets/gaussian_student_mixture.py,5000,1,5,False,models/custom_models/encoder_mlp.py,2,20,20,tanh,models/custom_models/clustering_head_linear.py,20,8,0.9361644387245178,0.975600004196167,0.975600004196167,4,-0.072550393640995
22-03-10_10-44-38_249825,100,adam,0.001,100,-1,0.0,0.0,10.0,1.0,0.0,hellinger,True,data/custom_datasets/gaussian_student_mixture.py,5000,1,5,True,models/custom_models/encoder_mlp.py,2,20,20,tanh,models/custom_models/clustering_head_linear.py,20,4,0.9448957443237304,0.9789999723434448,0.9789999723434448,4,-0.0659773200750351
22-03-10_10-44-38_249825,100,adam,0.001,100,-1,0.0,0.0,10.0,1.0,0.0,hellinger,True,data/custom_datasets/gaussian_student_mixture.py,5000,1,5,False,models/custom_models/encoder_mlp.py,2,20,20,tanh,models/custom_models/clustering_head_linear.py,20,4,0.9448957443237304,0.9789999723434448,0.9789999723434448,4,-0.0659773200750351
22-03-10_10-44-43_923484,100,adam,0.001,100,-1,0.0,0.0,10.0,1.0,0.0,hellinger,True,data/custom_datasets/gaussian_student_mixture.py,5000,1,5,True,models/custom_models/encoder_mlp.py,2,20,20,tanh,models/custom_models/clustering_head_linear.py,20,8,0.93316251039505,0.974399983882904,0.974399983882904,4,-0.0745073035359382
22-03-10_10-44-43_923484,100,adam,0.001,100,-1,0.0,0.0,10.0,1.0,0.0,hellinger,True,data/custom_datasets/gaussian_student_mixture.py,5000,1,5,False,models/custom_models/encoder_mlp.py,2,20,20,tanh,models/custom_models/clustering_head_linear.py,20,8,0.93265563249588,0.9742000102996826,0.9742000102996826,4,-0.0749094933271408
22-03-10_10-46-15_597048,100,adam,0.001,100,-1,0.0,0.0,10.0,1.0,0.0,hellinger,True,data/custom_datasets/gaussian_student_mixture.py,5000,1,5,True,models/custom_models/encoder_mlp.py,2,20,20,tanh,models/custom_models/clustering_head_linear.py,20,4,0.5992511510848999,0.7361999750137329,0.7361999750137329,3,-0.3338442146778106
22-03-10_10-46-15_597048,100,adam,0.001,100,-1,0.0,0.0,10.0,1.0,0.0,hellinger,True,data/custom_datasets/gaussian_student_mixture.py,5000,1,5,False,models/custom_models/encoder_mlp.py,2,20,20,tanh,models/custom_models/clustering_head_linear.py,20,4,0.5992448925971985,0.7361999750137329,0.7361999750137329,3,-0.3338469266891479
22-03-10_10-46-21_744472,100,adam,0.001,100,-1,0.0,0.0,10.0,1.0,0.0,hellinger,True,data/custom_datasets/gaussian_student_mixture.py,5000,1,5,True,models/custom_models/encoder_mlp.py,2,20,20,tanh,models/custom_models/clustering_head_linear.py,20,8,0.9403088092803956,0.9771999716758728,0.9771999716758728,4,-0.0686307027935981
22-03-10_10-46-21_744472,100,adam,0.001,100,-1,0.0,0.0,10.0,1.0,0.0,hellinger,True,data/custom_datasets/gaussian_student_mixture.py,5000,1,5,False,models/custom_models/encoder_mlp.py,2,20,20,tanh,models/custom_models/clustering_head_linear.py,20,8,0.9403088092803956,0.9771999716758728,0.9771999716758728,4,-0.0686307027935981
22-03-10_10-47-51_465344,100,adam,0.001,100,-1,0.0,0.0,10.0,1.0,0.0,hellinger,True,data/custom_datasets/gaussian_student_mixture.py,5000,1,5,True,models/custom_models/encoder_mlp.py,2,20,20,tanh,models/custom_models/clustering_head_linear.py,20,4,0.923883616924286,0.9706000089645386,0.9706000089645386,4,-0.0808609127998352
22-03-10_10-47-51_465344,100,adam,0.001,100,-1,0.0,0.0,10.0,1.0,0.0,hellinger,True,data/custom_datasets/gaussian_student_mixture.py,5000,1,5,False,models/custom_models/encoder_mlp.py,2,20,20,tanh,models/custom_models/clustering_head_linear.py,20,4,0.923883616924286,0.9706000089645386,0.9706000089645386,4,-0.0808609127998352
22-03-10_10-47-56_782605,100,adam,0.001,100,-1,0.0,0.0,10.0,1.0,0.0,hellinger,True,data/custom_datasets/gaussian_student_mixture.py,5000,1,5,True,models/custom_models/encoder_mlp.py,2,20,20,tanh,models/custom_models/clustering_head_linear.py,20,8,0.7730259299278259,0.8245999813079834,0.915000021457672,5,-0.1066961660981178
22-03-10_10-47-56_782605,100,adam,0.001,100,-1,0.0,0.0,10.0,1.0,0.0,hellinger,True,data/custom_datasets/gaussian_student_mixture.py,5000,1,5,False,models/custom_models/encoder_mlp.py,2,20,20,tanh,models/custom_models/clustering_head_linear.py,20,8,0.7725881338119507,0.8240000009536743,0.915000021457672,5,-0.1068562641739845
22-03-10_10-49-25_663687,100,adam,0.001,100,-1,0.0,0.0,10.0,1.0,0.0,hellinger,True,data/custom_datasets/gaussian_student_mixture.py,5000,1,5,True,models/custom_models/encoder_mlp.py,2,20,20,tanh,models/custom_models/clustering_head_linear.py,20,4,0.6601179838180542,0.7382000088691711,0.7382000088691711,3,-0.2984950244426727
22-03-10_10-49-25_663687,100,adam,0.001,100,-1,0.0,0.0,10.0,1.0,0.0,hellinger,True,data/custom_datasets/gaussian_student_mixture.py,5000,1,5,False,models/custom_models/encoder_mlp.py,2,20,20,tanh,models/custom_models/clustering_head_linear.py,20,4,0.6601179838180542,0.7382000088691711,0.7382000088691711,3,-0.2984950244426727
22-03-10_10-49-30_780218,100,adam,0.001,100,-1,0.0,0.0,10.0,1.0,0.0,hellinger,True,data/custom_datasets/gaussian_student_mixture.py,5000,1,5,True,models/custom_models/encoder_mlp.py,2,20,20,tanh,models/custom_models/clustering_head_linear.py,20,8,0.8439527153968811,0.8482000231742859,0.9703999757766724,5,-0.0734015479683876
22-03-10_10-49-30_780218,100,adam,0.001,100,-1,0.0,0.0,10.0,1.0,0.0,hellinger,True,data/custom_datasets/gaussian_student_mixture.py,5000,1,5,False,models/custom_models/encoder_mlp.py,2,20,20,tanh,models/custom_models/clustering_head_linear.py,20,8,0.8439618945121765,0.8483999967575073,0.9703999757766724,5,-0.0733965262770652
22-03-10_10-50-59_639426,100,adam,0.001,100,-1,0.0,0.0,10.0,1.0,0.0,hellinger,True,data/custom_datasets/gaussian_student_mixture.py,5000,1,5,True,models/custom_models/encoder_mlp.py,2,20,20,tanh,models/custom_models/clustering_head_linear.py,20,4,0.9403088092803956,0.9771999716758728,0.9771999716758728,4,-0.0686307027935981
22-03-10_10-50-59_639426,100,adam,0.001,100,-1,0.0,0.0,10.0,1.0,0.0,hellinger,True,data/custom_datasets/gaussian_student_mixture.py,5000,1,5,False,models/custom_models/encoder_mlp.py,2,20,20,tanh,models/custom_models/clustering_head_linear.py,20,4,0.9403088092803956,0.9771999716758728,0.9771999716758728,4,-0.0686307027935981
22-03-10_10-51-04_773492,100,adam,0.001,100,-1,0.0,0.0,10.0,1.0,0.0,hellinger,True,data/custom_datasets/gaussian_student_mixture.py,5000,1,5,True,models/custom_models/encoder_mlp.py,2,20,20,tanh,models/custom_models/clustering_head_linear.py,20,8,0.9352666735649108,0.9751999974250792,0.9751999974250792,4,-0.0725594311952591
22-03-10_10-51-04_773492,100,adam,0.001,100,-1,0.0,0.0,10.0,1.0,0.0,hellinger,True,data/custom_datasets/gaussian_student_mixture.py,5000,1,5,False,models/custom_models/encoder_mlp.py,2,20,20,tanh,models/custom_models/clustering_head_linear.py,20,8,0.9352666735649108,0.9751999974250792,0.9751999974250792,4,-0.0725594311952591
22-03-10_10-52-34_577499,100,adam,0.001,100,-1,0.0,0.0,10.0,1.0,0.0,hellinger,True,data/custom_datasets/gaussian_student_mixture.py,5000,1,5,True,models/custom_models/encoder_mlp.py,2,20,20,tanh,models/custom_models/clustering_head_linear.py,20,4,0.9403088092803956,0.9771999716758728,0.9771999716758728,4,-0.0686307027935981
22-03-10_10-52-34_577499,100,adam,0.001,100,-1,0.0,0.0,10.0,1.0,0.0,hellinger,True,data/custom_datasets/gaussian_student_mixture.py,5000,1,5,False,models/custom_models/encoder_mlp.py,2,20,20,tanh,models/custom_models/clustering_head_linear.py,20,4,0.9403088092803956,0.9771999716758728,0.9771999716758728,4,-0.0686307027935981
22-03-10_10-52-38_870298,100,adam,0.001,100,-1,0.0,0.0,10.0,1.0,0.0,hellinger,True,data/custom_datasets/gaussian_student_mixture.py,5000,1,5,True,models/custom_models/encoder_mlp.py,2,20,20,tanh,models/custom_models/clustering_head_linear.py,20,8,0.7822394967079163,0.8330000042915344,0.921999990940094,5,-0.1027985587716102
22-03-10_10-52-38_870298,100,adam,0.001,100,-1,0.0,0.0,10.0,1.0,0.0,hellinger,True,data/custom_datasets/gaussian_student_mixture.py,5000,1,5,False,models/custom_models/encoder_mlp.py,2,20,20,tanh,models/custom_models/clustering_head_linear.py,20,8,0.7820135951042175,0.8324000239372253,0.9223999977111816,5,-0.1028624773025512
22-03-10_11-14-55_559761,100,adam,0.001,100,-1,0.0,0.0,10.0,1.0,0.0,hellinger,True,data/custom_datasets/gaussian_student_mixture.py,5000,2,5,True,models/custom_models/encoder_mlp.py,2,20,20,tanh,models/custom_models/clustering_head_linear.py,20,4,0.9571064710617064,0.9837999939918518,0.9837999939918518,4,-0.0515502393245697
22-03-10_11-14-55_559761,100,adam,0.001,100,-1,0.0,0.0,10.0,1.0,0.0,hellinger,True,data/custom_datasets/gaussian_student_mixture.py,5000,2,5,False,models/custom_models/encoder_mlp.py,2,20,20,tanh,models/custom_models/clustering_head_linear.py,20,4,0.9571064710617064,0.9837999939918518,0.9837999939918518,4,-0.0515502393245697
22-03-10_11-15-05_807866,100,adam,0.001,100,-1,0.0,0.0,10.0,1.0,0.0,hellinger,True,data/custom_datasets/gaussian_student_mixture.py,5000,2,5,True,models/custom_models/encoder_mlp.py,2,20,20,tanh,models/custom_models/clustering_head_linear.py,20,8,0.9722258448600768,0.9896000027656556,0.9896000027656556,4,-0.0380478352308273
22-03-10_11-15-05_807866,100,adam,0.001,100,-1,0.0,0.0,10.0,1.0,0.0,hellinger,True,data/custom_datasets/gaussian_student_mixture.py,5000,2,5,False,models/custom_models/encoder_mlp.py,2,20,20,tanh,models/custom_models/clustering_head_linear.py,20,8,0.9722258448600768,0.9896000027656556,0.9896000027656556,4,-0.0380478352308273
22-03-10_11-16-34_400237,100,adam,0.001,100,-1,0.0,0.0,10.0,1.0,0.0,hellinger,True,data/custom_datasets/gaussian_student_mixture.py,5000,2,5,True,models/custom_models/encoder_mlp.py,2,20,20,tanh,models/custom_models/clustering_head_linear.py,20,4,0.97858726978302,0.9919999837875366,0.9919999837875366,4,-0.0304862279444932
22-03-10_11-16-34_400237,100,adam,0.001,100,-1,0.0,0.0,10.0,1.0,0.0,hellinger,True,data/custom_datasets/gaussian_student_mixture.py,5000,2,5,False,models/custom_models/encoder_mlp.py,2,20,20,tanh,models/custom_models/clustering_head_linear.py,20,4,0.97858726978302,0.9919999837875366,0.9919999837875366,4,-0.0304862279444932
22-03-10_11-16-46_099811,100,adam,0.001,100,-1,0.0,0.0,10.0,1.0,0.0,hellinger,True,data/custom_datasets/gaussian_student_mixture.py,5000,2,5,True,models/custom_models/encoder_mlp.py,2,20,20,tanh,models/custom_models/clustering_head_linear.py,20,8,0.9727301001548768,0.989799976348877,0.989799976348877,4,-0.0366447083652019
22-03-10_11-16-46_099811,100,adam,0.001,100,-1,0.0,0.0,10.0,1.0,0.0,hellinger,True,data/custom_datasets/gaussian_student_mixture.py,5000,2,5,False,models/custom_models/encoder_mlp.py,2,20,20,tanh,models/custom_models/clustering_head_linear.py,20,8,0.9727301001548768,0.989799976348877,0.989799976348877,4,-0.0366447083652019
22-03-10_11-18-19_040424,100,adam,0.001,100,-1,0.0,0.0,10.0,1.0,0.0,hellinger,True,data/custom_datasets/gaussian_student_mixture.py,5000,2,5,True,models/custom_models/encoder_mlp.py,2,20,20,tanh,models/custom_models/clustering_head_linear.py,20,4,0.9727301001548768,0.989799976348877,0.989799976348877,4,-0.0366447083652019
22-03-10_11-18-19_040424,100,adam,0.001,100,-1,0.0,0.0,10.0,1.0,0.0,hellinger,True,data/custom_datasets/gaussian_student_mixture.py,5000,2,5,False,models/custom_models/encoder_mlp.py,2,20,20,tanh,models/custom_models/clustering_head_linear.py,20,4,0.9727301001548768,0.989799976348877,0.989799976348877,4,-0.0366447083652019
22-03-10_11-18-30_922571,100,adam,0.001,100,-1,0.0,0.0,10.0,1.0,0.0,hellinger,True,data/custom_datasets/gaussian_student_mixture.py,5000,2,5,True,models/custom_models/encoder_mlp.py,2,20,20,tanh,models/custom_models/clustering_head_linear.py,20,8,0.9727301001548768,0.989799976348877,0.989799976348877,4,-0.0366447083652019
22-03-10_11-18-30_922571,100,adam,0.001,100,-1,0.0,0.0,10.0,1.0,0.0,hellinger,True,data/custom_datasets/gaussian_student_mixture.py,5000,2,5,False,models/custom_models/encoder_mlp.py,2,20,20,tanh,models/custom_models/clustering_head_linear.py,20,8,0.9727301001548768,0.989799976348877,0.989799976348877,4,-0.0366447083652019
22-03-10_11-20-02_739849,100,adam,0.001,100,-1,0.0,0.0,10.0,1.0,0.0,hellinger,True,data/custom_datasets/gaussian_student_mixture.py,5000,2,5,True,models/custom_models/encoder_mlp.py,2,20,20,tanh,models/custom_models/clustering_head_linear.py,20,4,0.9754881858825684,0.9908000230789183,0.9908000230789183,4,-0.0353715382516384
22-03-10_11-20-02_739849,100,adam,0.001,100,-1,0.0,0.0,10.0,1.0,0.0,hellinger,True,data/custom_datasets/gaussian_student_mixture.py,5000,2,5,False,models/custom_models/encoder_mlp.py,2,20,20,tanh,models/custom_models/clustering_head_linear.py,20,4,0.9754881858825684,0.9908000230789183,0.9908000230789183,4,-0.0353715382516384
22-03-10_11-20-13_927281,100,adam,0.001,100,-1,0.0,0.0,10.0,1.0,0.0,hellinger,True,data/custom_datasets/gaussian_student_mixture.py,5000,2,5,True,models/custom_models/encoder_mlp.py,2,20,20,tanh,models/custom_models/clustering_head_linear.py,20,8,0.9785914421081544,0.9919999837875366,0.9919999837875366,4,-0.0306231975555419
22-03-10_11-20-13_927281,100,adam,0.001,100,-1,0.0,0.0,10.0,1.0,0.0,hellinger,True,data/custom_datasets/gaussian_student_mixture.py,5000,2,5,False,models/custom_models/encoder_mlp.py,2,20,20,tanh,models/custom_models/clustering_head_linear.py,20,8,0.9785914421081544,0.9919999837875366,0.9919999837875366,4,-0.0306231975555419
22-03-10_11-21-44_476640,100,adam,0.001,100,-1,0.0,0.0,10.0,1.0,0.0,hellinger,True,data/custom_datasets/gaussian_student_mixture.py,5000,2,5,True,models/custom_models/encoder_mlp.py,2,20,20,tanh,models/custom_models/clustering_head_linear.py,20,4,0.9727301001548768,0.989799976348877,0.989799976348877,4,-0.0366447083652019
22-03-10_11-21-44_476640,100,adam,0.001,100,-1,0.0,0.0,10.0,1.0,0.0,hellinger,True,data/custom_datasets/gaussian_student_mixture.py,5000,2,5,False,models/custom_models/encoder_mlp.py,2,20,20,tanh,models/custom_models/clustering_head_linear.py,20,4,0.9727301001548768,0.989799976348877,0.989799976348877,4,-0.0366447083652019
22-03-10_11-21-56_851247,100,adam,0.001,100,-1,0.0,0.0,10.0,1.0,0.0,hellinger,True,data/custom_datasets/gaussian_student_mixture.py,5000,2,5,True,models/custom_models/encoder_mlp.py,2,20,20,tanh,models/custom_models/clustering_head_linear.py,20,8,0.9727301001548768,0.989799976348877,0.989799976348877,4,-0.0366447083652019
22-03-10_11-21-56_851247,100,adam,0.001,100,-1,0.0,0.0,10.0,1.0,0.0,hellinger,True,data/custom_datasets/gaussian_student_mixture.py,5000,2,5,False,models/custom_models/encoder_mlp.py,2,20,20,tanh,models/custom_models/clustering_head_linear.py,20,8,0.9727301001548768,0.989799976348877,0.989799976348877,4,-0.0366447083652019
22-03-10_11-23-27_610699,100,adam,0.001,100,-1,0.0,0.0,10.0,1.0,0.0,hellinger,True,data/custom_datasets/gaussian_student_mixture.py,5000,2,5,True,models/custom_models/encoder_mlp.py,2,20,20,tanh,models/custom_models/clustering_head_linear.py,20,4,0.9732964634895324,0.9900000095367432,0.9900000095367432,4,-0.0376538783311843
22-03-10_11-23-27_610699,100,adam,0.001,100,-1,0.0,0.0,10.0,1.0,0.0,hellinger,True,data/custom_datasets/gaussian_student_mixture.py,5000,2,5,False,models/custom_models/encoder_mlp.py,2,20,20,tanh,models/custom_models/clustering_head_linear.py,20,4,0.9732964634895324,0.9900000095367432,0.9900000095367432,4,-0.0376538783311843
22-03-10_11-23-39_584158,100,adam,0.001,100,-1,0.0,0.0,10.0,1.0,0.0,hellinger,True,data/custom_datasets/gaussian_student_mixture.py,5000,2,5,True,models/custom_models/encoder_mlp.py,2,20,20,tanh,models/custom_models/clustering_head_linear.py,20,8,0.9727301001548768,0.989799976348877,0.989799976348877,4,-0.0366447083652019
22-03-10_11-23-39_584158,100,adam,0.001,100,-1,0.0,0.0,10.0,1.0,0.0,hellinger,True,data/custom_datasets/gaussian_student_mixture.py,5000,2,5,False,models/custom_models/encoder_mlp.py,2,20,20,tanh,models/custom_models/clustering_head_linear.py,20,8,0.9727301001548768,0.989799976348877,0.989799976348877,4,-0.0366447083652019
22-03-10_11-25-13_380839,100,adam,0.001,100,-1,0.0,0.0,10.0,1.0,0.0,hellinger,True,data/custom_datasets/gaussian_student_mixture.py,5000,2,5,True,models/custom_models/encoder_mlp.py,2,20,20,tanh,models/custom_models/clustering_head_linear.py,20,4,0.9685036540031432,0.9882000088691713,0.9882000088691713,4,-0.0406693033874034
22-03-10_11-25-13_380839,100,adam,0.001,100,-1,0.0,0.0,10.0,1.0,0.0,hellinger,True,data/custom_datasets/gaussian_student_mixture.py,5000,2,5,False,models/custom_models/encoder_mlp.py,2,20,20,tanh,models/custom_models/clustering_head_linear.py,20,4,0.9685036540031432,0.9882000088691713,0.9882000088691713,4,-0.0406693033874034
22-03-10_11-25-25_105158,100,adam,0.001,100,-1,0.0,0.0,10.0,1.0,0.0,hellinger,True,data/custom_datasets/gaussian_student_mixture.py,5000,2,5,True,models/custom_models/encoder_mlp.py,2,20,20,tanh,models/custom_models/clustering_head_linear.py,20,8,0.9785914421081544,0.9919999837875366,0.9919999837875366,4,-0.0306232012808322
22-03-10_11-25-25_105158,100,adam,0.001,100,-1,0.0,0.0,10.0,1.0,0.0,hellinger,True,data/custom_datasets/gaussian_student_mixture.py,5000,2,5,False,models/custom_models/encoder_mlp.py,2,20,20,tanh,models/custom_models/clustering_head_linear.py,20,8,0.9785914421081544,0.9919999837875366,0.9919999837875366,4,-0.0306232012808322
22-03-10_11-26-55_467591,100,adam,0.001,100,-1,0.0,0.0,10.0,1.0,0.0,hellinger,True,data/custom_datasets/gaussian_student_mixture.py,5000,2,5,True,models/custom_models/encoder_mlp.py,2,20,20,tanh,models/custom_models/clustering_head_linear.py,20,4,0.9732701778411864,0.9900000095367432,0.9900000095367432,4,-0.0362871401011943
22-03-10_11-26-55_467591,100,adam,0.001,100,-1,0.0,0.0,10.0,1.0,0.0,hellinger,True,data/custom_datasets/gaussian_student_mixture.py,5000,2,5,False,models/custom_models/encoder_mlp.py,2,20,20,tanh,models/custom_models/clustering_head_linear.py,20,4,0.9732701778411864,0.9900000095367432,0.9900000095367432,4,-0.0362871401011943
22-03-10_11-27-08_921063,100,adam,0.001,100,-1,0.0,0.0,10.0,1.0,0.0,hellinger,True,data/custom_datasets/gaussian_student_mixture.py,5000,2,5,True,models/custom_models/encoder_mlp.py,2,20,20,tanh,models/custom_models/clustering_head_linear.py,20,8,0.9764915108680724,0.9911999702453612,0.9911999702453612,4,-0.0326337330043315
22-03-10_11-27-08_921063,100,adam,0.001,100,-1,0.0,0.0,10.0,1.0,0.0,hellinger,True,data/custom_datasets/gaussian_student_mixture.py,5000,2,5,False,models/custom_models/encoder_mlp.py,2,20,20,tanh,models/custom_models/clustering_head_linear.py,20,8,0.9764915108680724,0.9911999702453612,0.9911999702453612,4,-0.0326337330043315
22-03-10_11-28-39_496483,100,adam,0.001,100,-1,0.0,0.0,10.0,1.0,0.0,hellinger,True,data/custom_datasets/gaussian_student_mixture.py,5000,2,5,True,models/custom_models/encoder_mlp.py,2,20,20,tanh,models/custom_models/clustering_head_linear.py,20,4,0.6995852589607239,0.7495999932289124,0.7495999932289124,3,-0.2718570828437805
22-03-10_11-28-39_496483,100,adam,0.001,100,-1,0.0,0.0,10.0,1.0,0.0,hellinger,True,data/custom_datasets/gaussian_student_mixture.py,5000,2,5,False,models/custom_models/encoder_mlp.py,2,20,20,tanh,models/custom_models/clustering_head_linear.py,20,4,0.6995852589607239,0.7495999932289124,0.7495999932289124,3,-0.2718570828437805
22-03-10_11-28-52_331234,100,adam,0.001,100,-1,0.0,0.0,10.0,1.0,0.0,hellinger,True,data/custom_datasets/gaussian_student_mixture.py,5000,2,5,True,models/custom_models/encoder_mlp.py,2,20,20,tanh,models/custom_models/clustering_head_linear.py,20,8,0.9764512777328492,0.9911999702453612,0.9911999702453612,4,-0.0328288488090038
22-03-10_11-28-52_331234,100,adam,0.001,100,-1,0.0,0.0,10.0,1.0,0.0,hellinger,True,data/custom_datasets/gaussian_student_mixture.py,5000,2,5,False,models/custom_models/encoder_mlp.py,2,20,20,tanh,models/custom_models/clustering_head_linear.py,20,8,0.9764512777328492,0.9911999702453612,0.9911999702453612,4,-0.0328288488090038
22-03-10_11-30-20_492141,100,adam,0.001,100,-1,0.0,0.0,10.0,1.0,0.0,hellinger,True,data/custom_datasets/gaussian_student_mixture.py,5000,2,5,True,models/custom_models/encoder_mlp.py,2,20,20,tanh,models/custom_models/clustering_head_linear.py,20,4,0.9732549786567688,0.9900000095367432,0.9900000095367432,4,-0.0360797382891178
22-03-10_11-30-20_492141,100,adam,0.001,100,-1,0.0,0.0,10.0,1.0,0.0,hellinger,True,data/custom_datasets/gaussian_student_mixture.py,5000,2,5,False,models/custom_models/encoder_mlp.py,2,20,20,tanh,models/custom_models/clustering_head_linear.py,20,4,0.9732549786567688,0.9900000095367432,0.9900000095367432,4,-0.0360797382891178
22-03-10_11-30-34_357371,100,adam,0.001,100,-1,0.0,0.0,10.0,1.0,0.0,hellinger,True,data/custom_datasets/gaussian_student_mixture.py,5000,2,5,True,models/custom_models/encoder_mlp.py,2,20,20,tanh,models/custom_models/clustering_head_linear.py,20,8,0.78681880235672,0.8234000205993652,0.9187999963760376,5,-0.0854918137192726
22-03-10_11-30-34_357371,100,adam,0.001,100,-1,0.0,0.0,10.0,1.0,0.0,hellinger,True,data/custom_datasets/gaussian_student_mixture.py,5000,2,5,False,models/custom_models/encoder_mlp.py,2,20,20,tanh,models/custom_models/clustering_head_linear.py,20,8,0.7912048101425171,0.8289999961853027,0.9192000031471252,5,-0.0836940854787826
22-03-10_11-32-05_274817,100,adam,0.001,100,-1,0.0,0.0,10.0,1.0,0.0,hellinger,True,data/custom_datasets/gaussian_student_mixture.py,5000,2,5,True,models/custom_models/encoder_mlp.py,2,20,20,tanh,models/custom_models/clustering_head_linear.py,20,4,0.6948437094688416,0.7498000264167786,0.7498000264167786,3,-0.2734059989452362
22-03-10_11-32-05_274817,100,adam,0.001,100,-1,0.0,0.0,10.0,1.0,0.0,hellinger,True,data/custom_datasets/gaussian_student_mixture.py,5000,2,5,False,models/custom_models/encoder_mlp.py,2,20,20,tanh,models/custom_models/clustering_head_linear.py,20,4,0.6948437094688416,0.7498000264167786,0.7498000264167786,3,-0.2734059989452362
22-03-10_11-32-17_556977,100,adam,0.001,100,-1,0.0,0.0,10.0,1.0,0.0,hellinger,True,data/custom_datasets/gaussian_student_mixture.py,5000,2,5,True,models/custom_models/encoder_mlp.py,2,20,20,tanh,models/custom_models/clustering_head_linear.py,20,8,0.9685171246528624,0.9882000088691713,0.9882000088691713,4,-0.0413694716989994
22-03-10_11-32-17_556977,100,adam,0.001,100,-1,0.0,0.0,10.0,1.0,0.0,hellinger,True,data/custom_datasets/gaussian_student_mixture.py,5000,2,5,False,models/custom_models/encoder_mlp.py,2,20,20,tanh,models/custom_models/clustering_head_linear.py,20,8,0.9685171246528624,0.9882000088691713,0.9882000088691713,4,-0.0413694716989994
22-03-10_11-33-49_993919,100,adam,0.001,100,-1,0.0,0.0,10.0,1.0,0.0,hellinger,True,data/custom_datasets/gaussian_student_mixture.py,5000,2,5,True,models/custom_models/encoder_mlp.py,2,20,20,tanh,models/custom_models/clustering_head_linear.py,20,4,0.9659561514854432,0.9872000217437744,0.9872000217437744,4,-0.0435796417295932
22-03-10_11-33-49_993919,100,adam,0.001,100,-1,0.0,0.0,10.0,1.0,0.0,hellinger,True,data/custom_datasets/gaussian_student_mixture.py,5000,2,5,False,models/custom_models/encoder_mlp.py,2,20,20,tanh,models/custom_models/clustering_head_linear.py,20,4,0.9659561514854432,0.9872000217437744,0.9872000217437744,4,-0.0435796417295932
22-03-10_11-34-00_648243,100,adam,0.001,100,-1,0.0,0.0,10.0,1.0,0.0,hellinger,True,data/custom_datasets/gaussian_student_mixture.py,5000,2,5,True,models/custom_models/encoder_mlp.py,2,20,20,tanh,models/custom_models/clustering_head_linear.py,20,8,0.9727301001548768,0.989799976348877,0.989799976348877,4,-0.0366447083652019
22-03-10_11-34-00_648243,100,adam,0.001,100,-1,0.0,0.0,10.0,1.0,0.0,hellinger,True,data/custom_datasets/gaussian_student_mixture.py,5000,2,5,False,models/custom_models/encoder_mlp.py,2,20,20,tanh,models/custom_models/clustering_head_linear.py,20,8,0.9727301001548768,0.989799976348877,0.989799976348877,4,-0.0366447083652019
22-03-10_11-35-35_757184,100,adam,0.001,100,-1,0.0,0.0,10.0,1.0,0.0,hellinger,True,data/custom_datasets/gaussian_student_mixture.py,5000,2,5,True,models/custom_models/encoder_mlp.py,2,20,20,tanh,models/custom_models/clustering_head_linear.py,20,4,0.9764554500579834,0.9911999702453612,0.9911999702453612,4,-0.0329651497304439
22-03-10_11-35-35_757184,100,adam,0.001,100,-1,0.0,0.0,10.0,1.0,0.0,hellinger,True,data/custom_datasets/gaussian_student_mixture.py,5000,2,5,False,models/custom_models/encoder_mlp.py,2,20,20,tanh,models/custom_models/clustering_head_linear.py,20,4,0.9764554500579834,0.9911999702453612,0.9911999702453612,4,-0.0329651497304439
22-03-10_11-35-46_783556,100,adam,0.001,100,-1,0.0,0.0,10.0,1.0,0.0,hellinger,True,data/custom_datasets/gaussian_student_mixture.py,5000,2,5,True,models/custom_models/encoder_mlp.py,2,20,20,tanh,models/custom_models/clustering_head_linear.py,20,8,0.7891233563423157,0.8303999900817871,0.9215999841690063,5,-0.0830264091491699
22-03-10_11-35-46_783556,100,adam,0.001,100,-1,0.0,0.0,10.0,1.0,0.0,hellinger,True,data/custom_datasets/gaussian_student_mixture.py,5000,2,5,False,models/custom_models/encoder_mlp.py,2,20,20,tanh,models/custom_models/clustering_head_linear.py,20,8,0.7810998558998108,0.819599986076355,0.9215999841690063,5,-0.0862385109066963
22-03-10_11-37-27_948599,100,adam,0.001,100,-1,0.0,0.0,10.0,1.0,0.0,hellinger,True,data/custom_datasets/gaussian_student_mixture.py,5000,2,5,True,models/custom_models/encoder_mlp.py,2,20,20,tanh,models/custom_models/clustering_head_linear.py,20,4,0.9791224002838136,0.9922000169754028,0.9922000169754028,4,-0.0298777744174003
22-03-10_11-37-27_948599,100,adam,0.001,100,-1,0.0,0.0,10.0,1.0,0.0,hellinger,True,data/custom_datasets/gaussian_student_mixture.py,5000,2,5,False,models/custom_models/encoder_mlp.py,2,20,20,tanh,models/custom_models/clustering_head_linear.py,20,4,0.9791224002838136,0.9922000169754028,0.9922000169754028,4,-0.0298777744174003
22-03-10_11-37-39_107402,100,adam,0.001,100,-1,0.0,0.0,10.0,1.0,0.0,hellinger,True,data/custom_datasets/gaussian_student_mixture.py,5000,2,5,True,models/custom_models/encoder_mlp.py,2,20,20,tanh,models/custom_models/clustering_head_linear.py,20,8,0.9701123833656312,0.9887999892234802,0.9887999892234802,4,-0.0393628254532814
22-03-10_11-37-39_107402,100,adam,0.001,100,-1,0.0,0.0,10.0,1.0,0.0,hellinger,True,data/custom_datasets/gaussian_student_mixture.py,5000,2,5,False,models/custom_models/encoder_mlp.py,2,20,20,tanh,models/custom_models/clustering_head_linear.py,20,8,0.9701123833656312,0.9887999892234802,0.9887999892234802,4,-0.0393628254532814
22-03-10_11-39-20_351153,100,adam,0.001,100,-1,0.0,0.0,10.0,1.0,0.0,hellinger,True,data/custom_datasets/gaussian_student_mixture.py,5000,2,5,True,models/custom_models/encoder_mlp.py,2,20,20,tanh,models/custom_models/clustering_head_linear.py,20,4,0.9706445932388306,0.9890000224113464,0.9890000224113464,4,-0.0390053503215312
22-03-10_11-39-20_351153,100,adam,0.001,100,-1,0.0,0.0,10.0,1.0,0.0,hellinger,True,data/custom_datasets/gaussian_student_mixture.py,5000,2,5,False,models/custom_models/encoder_mlp.py,2,20,20,tanh,models/custom_models/clustering_head_linear.py,20,4,0.9706445932388306,0.9890000224113464,0.9890000224113464,4,-0.0390053503215312
22-03-10_11-39-31_832710,100,adam,0.001,100,-1,0.0,0.0,10.0,1.0,0.0,hellinger,True,data/custom_datasets/gaussian_student_mixture.py,5000,2,5,True,models/custom_models/encoder_mlp.py,2,20,20,tanh,models/custom_models/clustering_head_linear.py,20,8,0.9727301001548768,0.989799976348877,0.989799976348877,4,-0.0366447083652019
22-03-10_11-39-31_832710,100,adam,0.001,100,-1,0.0,0.0,10.0,1.0,0.0,hellinger,True,data/custom_datasets/gaussian_student_mixture.py,5000,2,5,False,models/custom_models/encoder_mlp.py,2,20,20,tanh,models/custom_models/clustering_head_linear.py,20,8,0.9727301001548768,0.989799976348877,0.989799976348877,4,-0.0366447083652019
22-03-10_11-41-06_971767,100,adam,0.001,100,-1,0.0,0.0,10.0,1.0,0.0,hellinger,True,data/custom_datasets/gaussian_student_mixture.py,5000,2,5,True,models/custom_models/encoder_mlp.py,2,20,20,tanh,models/custom_models/clustering_head_linear.py,20,4,0.9764980673789978,0.9911999702453612,0.9911999702453612,4,-0.0329448580741882
22-03-10_11-41-06_971767,100,adam,0.001,100,-1,0.0,0.0,10.0,1.0,0.0,hellinger,True,data/custom_datasets/gaussian_student_mixture.py,5000,2,5,False,models/custom_models/encoder_mlp.py,2,20,20,tanh,models/custom_models/clustering_head_linear.py,20,4,0.9764980673789978,0.9911999702453612,0.9911999702453612,4,-0.0329448580741882
22-03-10_11-41-17_573312,100,adam,0.001,100,-1,0.0,0.0,10.0,1.0,0.0,hellinger,True,data/custom_datasets/gaussian_student_mixture.py,5000,2,5,True,models/custom_models/encoder_mlp.py,2,20,20,tanh,models/custom_models/clustering_head_linear.py,20,8,0.9727301001548768,0.989799976348877,0.989799976348877,4,-0.0366447083652019
22-03-10_11-41-17_573312,100,adam,0.001,100,-1,0.0,0.0,10.0,1.0,0.0,hellinger,True,data/custom_datasets/gaussian_student_mixture.py,5000,2,5,False,models/custom_models/encoder_mlp.py,2,20,20,tanh,models/custom_models/clustering_head_linear.py,20,8,0.9727301001548768,0.989799976348877,0.989799976348877,4,-0.0366447083652019
22-03-10_11-42-52_963373,100,adam,0.001,100,-1,0.0,0.0,10.0,1.0,0.0,hellinger,True,data/custom_datasets/gaussian_student_mixture.py,5000,2,5,True,models/custom_models/encoder_mlp.py,2,20,20,tanh,models/custom_models/clustering_head_linear.py,20,4,0.6147380471229553,0.7405999898910522,0.7405999898910522,3,-0.3199988007545471
22-03-10_11-42-52_963373,100,adam,0.001,100,-1,0.0,0.0,10.0,1.0,0.0,hellinger,True,data/custom_datasets/gaussian_student_mixture.py,5000,2,5,False,models/custom_models/encoder_mlp.py,2,20,20,tanh,models/custom_models/clustering_head_linear.py,20,4,0.613943338394165,0.7405999898910522,0.7405999898910522,3,-0.3201714158058166
22-03-10_11-43-02_075479,100,adam,0.001,100,-1,0.0,0.0,10.0,1.0,0.0,hellinger,True,data/custom_datasets/gaussian_student_mixture.py,5000,2,5,True,models/custom_models/encoder_mlp.py,2,20,20,tanh,models/custom_models/clustering_head_linear.py,20,8,0.973285973072052,0.9900000095367432,0.9900000095367432,4,-0.0375470407307148
22-03-10_11-43-02_075479,100,adam,0.001,100,-1,0.0,0.0,10.0,1.0,0.0,hellinger,True,data/custom_datasets/gaussian_student_mixture.py,5000,2,5,False,models/custom_models/encoder_mlp.py,2,20,20,tanh,models/custom_models/clustering_head_linear.py,20,8,0.973285973072052,0.9900000095367432,0.9900000095367432,4,-0.0375470407307148
22-03-10_11-44-37_232677,100,adam,0.001,100,-1,0.0,0.0,10.0,1.0,0.0,hellinger,True,data/custom_datasets/gaussian_student_mixture.py,5000,2,5,True,models/custom_models/encoder_mlp.py,2,20,20,tanh,models/custom_models/clustering_head_linear.py,20,4,0.9674513936042786,0.9878000020980836,0.9878000020980836,4,-0.0416297651827335
22-03-10_11-44-37_232677,100,adam,0.001,100,-1,0.0,0.0,10.0,1.0,0.0,hellinger,True,data/custom_datasets/gaussian_student_mixture.py,5000,2,5,False,models/custom_models/encoder_mlp.py,2,20,20,tanh,models/custom_models/clustering_head_linear.py,20,4,0.9674513936042786,0.9878000020980836,0.9878000020980836,4,-0.0416297651827335
22-03-10_11-44-45_778594,100,adam,0.001,100,-1,0.0,0.0,10.0,1.0,0.0,hellinger,True,data/custom_datasets/gaussian_student_mixture.py,5000,2,5,True,models/custom_models/encoder_mlp.py,2,20,20,tanh,models/custom_models/clustering_head_linear.py,20,8,0.9727396965026855,0.989799976348877,0.989799976348877,4,-0.0368185266852378
22-03-10_11-44-45_778594,100,adam,0.001,100,-1,0.0,0.0,10.0,1.0,0.0,hellinger,True,data/custom_datasets/gaussian_student_mixture.py,5000,2,5,False,models/custom_models/encoder_mlp.py,2,20,20,tanh,models/custom_models/clustering_head_linear.py,20,8,0.9727396965026855,0.989799976348877,0.989799976348877,4,-0.0368185266852378
22-03-10_11-46-21_968612,100,adam,0.001,100,-1,0.0,0.0,10.0,1.0,0.0,hellinger,True,data/custom_datasets/gaussian_student_mixture.py,5000,2,5,True,models/custom_models/encoder_mlp.py,2,20,20,tanh,models/custom_models/clustering_head_linear.py,20,4,0.9695797562599182,0.9886000156402588,0.9886000156402588,4,-0.0411552265286445
22-03-10_11-46-21_968612,100,adam,0.001,100,-1,0.0,0.0,10.0,1.0,0.0,hellinger,True,data/custom_datasets/gaussian_student_mixture.py,5000,2,5,False,models/custom_models/encoder_mlp.py,2,20,20,tanh,models/custom_models/clustering_head_linear.py,20,4,0.9695797562599182,0.9886000156402588,0.9886000156402588,4,-0.0411552265286445
22-03-10_11-46-32_359307,100,adam,0.001,100,-1,0.0,0.0,10.0,1.0,0.0,hellinger,True,data/custom_datasets/gaussian_student_mixture.py,5000,2,5,True,models/custom_models/encoder_mlp.py,2,20,20,tanh,models/custom_models/clustering_head_linear.py,20,8,0.9727301001548768,0.989799976348877,0.989799976348877,4,-0.0366447083652019
22-03-10_11-46-32_359307,100,adam,0.001,100,-1,0.0,0.0,10.0,1.0,0.0,hellinger,True,data/custom_datasets/gaussian_student_mixture.py,5000,2,5,False,models/custom_models/encoder_mlp.py,2,20,20,tanh,models/custom_models/clustering_head_linear.py,20,8,0.9727301001548768,0.989799976348877,0.989799976348877,4,-0.0366447083652019
22-03-10_11-48-05_471019,100,adam,0.001,100,-1,0.0,0.0,10.0,1.0,0.0,hellinger,True,data/custom_datasets/gaussian_student_mixture.py,5000,2,5,True,models/custom_models/encoder_mlp.py,2,20,20,tanh,models/custom_models/clustering_head_linear.py,20,4,0.9690523147583008,0.9883999824523926,0.9883999824523926,4,-0.0416720286011695
22-03-10_11-48-05_471019,100,adam,0.001,100,-1,0.0,0.0,10.0,1.0,0.0,hellinger,True,data/custom_datasets/gaussian_student_mixture.py,5000,2,5,False,models/custom_models/encoder_mlp.py,2,20,20,tanh,models/custom_models/clustering_head_linear.py,20,4,0.9690523147583008,0.9883999824523926,0.9883999824523926,4,-0.0416720286011695
22-03-10_11-48-14_752957,100,adam,0.001,100,-1,0.0,0.0,10.0,1.0,0.0,hellinger,True,data/custom_datasets/gaussian_student_mixture.py,5000,2,5,True,models/custom_models/encoder_mlp.py,2,20,20,tanh,models/custom_models/clustering_head_linear.py,20,8,0.8902228474617004,0.871399998664856,0.9919999837875366,5,-0.026855643838644
22-03-10_11-48-14_752957,100,adam,0.001,100,-1,0.0,0.0,10.0,1.0,0.0,hellinger,True,data/custom_datasets/gaussian_student_mixture.py,5000,2,5,False,models/custom_models/encoder_mlp.py,2,20,20,tanh,models/custom_models/clustering_head_linear.py,20,8,0.8901273012161255,0.8691999912261963,0.9919999837875366,5,-0.0268534701317548
